{
  "fill_rate": 0.31218120299999996,
  "success_threshold": 25,
  "capacity": 5.0,
  "min_fill_rate": 0.1,
  "max_fill_rate": 0.6,
  "timestamp": 1765732572.10043,
  "total_requests": 116,
  "avg_wait_time": 2.518554123147474,
  "rate_increases": 4,
  "rate_decreases": 0,
  "error_429_count": 0
}