{
  "fill_rate": 0.7153843917957906,
  "success_threshold": 25,
  "capacity": 5.0,
  "min_fill_rate": 0.1,
  "max_fill_rate": 1.0,
  "timestamp": 1766147275.7765188,
  "total_requests": 964,
  "avg_wait_time": 1.2529451187041951,
  "rate_increases": 36,
  "rate_decreases": 0,
  "error_429_count": 0
}